{
  "gizmos-infos": {
    "is2D": true,
    "is3DIcon": false,
    "iconSize": 2,
    "gridVisible": true,
    "gridColor": [
      166,
      166,
      166,
      255
    ],
    "isIconGizmo3D": false,
    "iconGizmoSize": 2,
    "isGridVisible": true
  },
  "__version__": "1.0.0",
  "builder": {},
  "": {
    "sculpt_brush_rotate": 0
  },
  "camera": {
    "fov": 45,
    "far": 10000,
    "near": 0.01,
    "color": [
      48,
      48,
      48,
      255
    ],
    "wheelSpeed": 0.01,
    "wanderSpeed": 10,
    "enableAcceleration": true,
    "far2D": 10000,
    "near2D": 1,
    "wheelSpeed2D": 6,
    "size": "__default_design__"
  },
  "camera-infos": {
    "c77ecaa8-c936-46c4-a5b0-98692673ed87": {
      "position": {
        "x": 207,
        "y": 447.5,
        "z": 5000
      },
      "rotation": {
        "x": 0,
        "y": 0,
        "z": 0,
        "w": 1
      },
      "viewCenter": {
        "x": 0,
        "y": 0,
        "z": 0
      }
    },
    "0d972fe8-dc46-4193-bf9b-f52a43030c77": {
      "position": {
<<<<<<< Updated upstream
        "x": 328.3695,
        "y": -466.2790000000001,
=======
        "x": 575.4449663969593,
        "y": 1121.1519633082924,
        "z": 5000
      },
      "rotation": {
        "x": 0,
        "y": 0,
        "z": 0,
        "w": 1
      },
      "viewCenter": {
        "x": 0,
        "y": 0,
        "z": 0
      }
    },
    "9bETkbMFtGxbmd+iX59wA+": {
      "position": {
        "x": 516.5679660999747,
        "y": 913.850473408271,
>>>>>>> Stashed changes
        "z": 5000
      },
      "rotation": {
        "x": 0,
        "y": 0,
        "z": 0,
        "w": 1
      },
      "viewCenter": {
        "x": 0,
        "y": 0,
        "z": 0
      }
    },
    "a64f443a-a1f7-4239-8675-e84e89edd509": {
      "position": {
        "x": 973.7256973959092,
        "y": 1395.3665394841225,
        "z": 5000
      },
      "rotation": {
        "x": 0,
        "y": 0,
        "z": 0,
        "w": 1
      },
      "viewCenter": {
        "x": 0,
        "y": 0,
        "z": 0
      }
    },
    "95b5799e-0337-4c9e-a5dc-edccbf01ebb9": {
      "position": {
        "x": 381.4539246944378,
        "y": 850.0399809542514,
        "z": 5000
      },
      "rotation": {
        "x": 0,
        "y": 0,
        "z": 0,
        "w": 1
      },
      "viewCenter": {
        "x": 0,
        "y": 0,
        "z": 0
      }
    },
    "e6dce434-f6b8-4689-ad67-d5a00b1382d3": {
      "position": {
        "x": 548.9753905879332,
        "y": 820.1066661683041,
        "z": 5000
      },
      "rotation": {
        "x": 0,
        "y": 0,
        "z": 0,
        "w": 1
      },
      "viewCenter": {
        "x": 0,
        "y": 0,
        "z": 0
      }
    },
    "9975327f-c8dd-4da2-8ce1-80f74012f83c": {
      "position": {
        "x": 828.6142627424292,
        "y": 1123.382338257282,
        "z": 5000
      },
      "rotation": {
        "x": 0,
        "y": 0,
        "z": 0,
        "w": 1
      },
      "viewCenter": {
        "x": 0,
        "y": 0,
        "z": 0
      }
    },
    "add39862-a51d-46af-a894-00d524a899d3": {
      "position": {
        "x": 207,
        "y": 447.5,
        "z": 5000
      },
      "rotation": {
        "x": 0,
        "y": 0,
        "z": 0,
        "w": 1
      },
      "viewCenter": {
        "x": 0,
        "y": 0,
        "z": 0
      }
    },
    "b1275fe4-3522-4d66-b2fb-52501a33a579": {
      "position": {
        "x": 207,
        "y": 447.5,
        "z": 5000
      },
      "rotation": {
        "x": 0,
        "y": 0,
        "z": 0,
        "w": 1
      },
      "viewCenter": {
        "x": 0,
        "y": 0,
        "z": 0
      }
    },
    "373cc267-b181-412a-a303-9c0cc13e1ed0": {
      "position": {
        "x": 540.0000000000001,
        "y": 960.0000000000001,
        "z": 5000
      },
      "rotation": {
        "x": 0,
        "y": 0,
        "z": 0,
        "w": 1
      },
      "viewCenter": {
        "x": 0,
        "y": 0,
        "z": 0
      }
    },
    "e6dce434-f6b8-4689-ad67-d5a00b1382d3": {
      "position": {
        "x": 485.921151512621,
        "y": 840.3236427344907,
        "z": 5000
      },
      "rotation": {
        "x": 0,
        "y": 0,
        "z": 0,
        "w": 1
      },
      "viewCenter": {
        "x": 0,
        "y": 0,
        "z": 0
      }
    }
  },
  "camera-uuids": [
<<<<<<< Updated upstream
    "b1275fe4-3522-4d66-b2fb-52501a33a579"
=======
    "0d972fe8-dc46-4193-bf9b-f52a43030c77"
>>>>>>> Stashed changes
  ],
  "float-window": {
    "position": {
      "cc": {
        "Camera": {
          "dock": false,
          "top": null,
          "bottom": 10,
          "left": null,
          "right": 10
        }
      }
    }
  },
  "game-view": {
    "devicesInfo": {
      "name": "iPhone XS Max",
      "type": "device",
      "width": 414,
      "height": 896
    }
  }
}
